{"cameraMode":{"drawMode":0,"name":"Shaded","section":"Shading Mode"},"sceneLighting":true,"audioPlay":false,"sceneViewState":{"m_AlwaysRefresh":false,"showFog":true,"showSkybox":true,"showFlares":true,"showImageEffects":true,"showParticleSystems":true,"showVisualEffectGraphs":true,"m_FxEnabled":true},"in2DMode":false,"pivot":{"x":959.6378173828125,"y":538.4498291015625,"z":54.727500915527347},"rotation":{"x":-0.0011037960648536683,"y":1.0009595155715943,"z":-0.0033240600023418667,"w":0.008025097660720349},"size":21.21320343017578,"orthographic":false}