{"cameraMode":{"drawMode":0,"name":"Shaded","section":"Shading Mode"},"sceneLighting":true,"audioPlay":false,"sceneViewState":{"m_AlwaysRefresh":false,"showFog":true,"showSkybox":true,"showFlares":true,"showImageEffects":true,"showParticleSystems":true,"showVisualEffectGraphs":true,"m_FxEnabled":true},"in2DMode":false,"pivot":{"x":151.78384399414063,"y":1.2794973850250245,"z":0.2860551178455353},"rotation":{"x":0.057812198996543887,"y":0.4437783658504486,"z":-0.02591720037162304,"w":0.894515335559845},"size":0.6263870000839233,"orthographic":false}