{"cameraMode":{"drawMode":0,"name":"Shaded","section":"Shading Mode"},"sceneLighting":true,"audioPlay":false,"sceneViewState":{"m_AlwaysRefresh":false,"showFog":true,"showSkybox":true,"showFlares":true,"showImageEffects":true,"showParticleSystems":true,"showVisualEffectGraphs":true,"m_FxEnabled":true},"in2DMode":false,"pivot":{"x":110.52516174316406,"y":0.546646773815155,"z":59.19509506225586},"rotation":{"x":0.003349627833813429,"y":-0.7416013479232788,"z":0.0030528567731380464,"w":0.6712160706520081},"size":9.899160385131836,"orthographic":false}