{"cameraMode":{"drawMode":0,"name":"Shaded","section":"Shading Mode"},"sceneLighting":true,"audioPlay":false,"sceneViewState":{"m_AlwaysRefresh":false,"showFog":true,"showSkybox":true,"showFlares":true,"showImageEffects":true,"showParticleSystems":true,"showVisualEffectGraphs":true,"m_FxEnabled":true},"in2DMode":false,"pivot":{"x":1074.930419921875,"y":558.841064453125,"z":39.617252349853519},"rotation":{"x":0.0014791773864999414,"y":0.9890710115432739,"z":0.007499148603528738,"w":0.15111549198627473},"size":1101.45361328125,"orthographic":false}