{"cameraMode":{"drawMode":0,"name":"Shaded","section":"Shading Mode"},"sceneLighting":true,"audioPlay":false,"sceneViewState":{"m_AlwaysRefresh":false,"showFog":true,"showSkybox":true,"showFlares":true,"showImageEffects":true,"showParticleSystems":true,"showVisualEffectGraphs":true,"m_FxEnabled":true},"in2DMode":false,"pivot":{"x":155.50799560546876,"y":0.31605780124664309,"z":55.747135162353519},"rotation":{"x":-0.01735597476363182,"y":0.9826281666755676,"z":-0.11397454142570496,"w":-0.14756052196025849},"size":2.245948553085327,"orthographic":false}