{"cameraMode":{"drawMode":0,"name":"Shaded","section":"Shading Mode"},"sceneLighting":true,"audioPlay":false,"sceneViewState":{"m_AlwaysRefresh":false,"showFog":true,"showSkybox":true,"showFlares":true,"showImageEffects":true,"showParticleSystems":true,"showVisualEffectGraphs":true,"m_FxEnabled":true},"in2DMode":false,"pivot":{"x":155.66738891601563,"y":2.185269355773926,"z":10.069631576538086},"rotation":{"x":0.0021068002097308637,"y":0.9864672422409058,"z":0.0030831738840788604,"w":0.1674061119556427},"size":0.2574446201324463,"orthographic":false}