{"cameraMode":{"drawMode":0,"name":"Shaded","section":"Shading Mode"},"sceneLighting":true,"audioPlay":false,"sceneViewState":{"m_AlwaysRefresh":false,"showFog":true,"showSkybox":true,"showFlares":true,"showImageEffects":true,"showParticleSystems":true,"showVisualEffectGraphs":true,"m_FxEnabled":true},"in2DMode":false,"pivot":{"x":1098.0626220703125,"y":525.7738647460938,"z":29.713449478149415},"rotation":{"x":0.012652970850467682,"y":-0.8757432699203491,"z":-0.02386799268424511,"w":-0.4840484857559204},"size":0.8660253882408142,"orthographic":false}